task_id,condition,trial,passed,iterations_used,notes
DA0000,A,1,True,3,
DA0000,B,1,True,1,
DA0001,A,1,True,1,
DA0001,B,1,True,1,
DA0002,A,1,True,1,
DA0002,B,1,True,1,
DA0003,A,1,False,5,
DA0003,B,1,False,5,
DA0004,A,1,True,1,
DA0004,B,1,True,1,
DA0005,A,1,True,1,
DA0005,B,1,True,1,
DA0006,A,1,False,5,rerun
DA0006,B,1,False,5,rerun
DA0007,A,1,True,3,rerun
DA0007,B,1,True,2,rerun
DA0008,A,1,True,1,rerun
DA0008,B,1,False,5,rerun; JSON parse fail iter 3
DA0009,A,1,True,5,rerun
DA0009,B,1,True,5,rerun
DA0010,A,1,True,1,rerun
DA0010,B,1,True,2,rerun
DA0011,A,1,True,2,rerun
DA0011,B,1,True,2,
DA0012,A,1,True,2,
DA0012,B,1,True,3,
DA0013,A,1,True,5,
DA0013,B,1,True,1,
DA0014,A,1,False,5,cheat detected iter 1; timeout iter 2
DA0014,B,1,False,5,
DA0015,A,1,True,2,
DA0015,B,1,True,2,
DA0016,A,1,True,5,
DA0016,B,1,True,2,
DA0017,A,1,True,1,
DA0017,B,1,True,1,
DA0018,A,1,True,1,
DA0018,B,1,True,1,
DA0019,A,1,True,2,
DA0019,B,1,False,0,JSON parse fail (twice - original and rerun)
DA0020,A,1,True,2,
DA0020,B,1,True,1,
DA0021,A,1,True,1,
DA0021,B,1,True,1,
DA0022,A,1,True,1,
DA0022,B,1,True,1,
DA0023,A,1,False,5,
DA0023,B,1,False,5,
DA0024,A,1,False,5,JSON parse fails iters 3-4
DA0024,B,1,False,5,
DA0025,A,1,True,2,
DA0025,B,1,True,2,
DA0026,A,1,True,1,
DA0026,B,1,True,1,
DA0027,A,1,True,3,
DA0027,B,1,True,4,
DA0028,A,1,True,5,JSON parse fails iters 1 and 3
DA0028,B,1,True,3,
DA0029,A,1,True,2,
DA0029,B,1,True,2,
DA0030,A,1,True,2,
DA0030,B,1,True,2,
DA0031,A,1,True,1,
DA0031,B,1,True,1,
DA0032,A,1,True,1,
DA0032,B,1,True,2,
DA0033,A,1,True,1,
DA0033,B,1,True,1,
DA0034,A,1,True,4,
DA0034,B,1,True,3,
DA0035,A,1,True,3,
DA0035,B,1,True,2,
DA0036,A,1,True,1,
DA0036,B,1,True,1,
DA0037,A,1,True,3,
DA0037,B,1,True,1,
DA0038,A,1,False,5,cheat detected iter 2
DA0038,B,1,False,5,
DA0039,A,1,True,1,
DA0039,B,1,True,1,
DA0040,A,1,True,2,
DA0040,B,1,True,2,
DA0041,A,1,True,1,
DA0041,B,1,True,1,
DA0042,A,1,True,1,
DA0042,B,1,True,1,
DA0043,A,1,False,5,JSON parse fail iter 4
DA0043,B,1,False,5,
DA0044,A,1,True,1,
DA0044,B,1,True,1,
DA0045,A,1,True,1,
DA0045,B,1,True,2,
DA0046,A,1,True,1,
DA0046,B,1,True,1,
DA0047,A,1,True,1,
DA0047,B,1,True,1,
DA0048,A,1,True,1,
DA0048,B,1,True,1,
DA0049,A,1,True,1,
DA0049,B,1,True,1,
